id,text,PartnerCode,PartnerDesc,partnerNote,PartnerCodeIsoAlpha2,PartnerCodeIsoAlpha3,entryEffectiveDate,isGroup,entryExpiredDate
4,Afghanistan,4,Afghanistan,Afghanistan,AF,AFG,1900-01-01T00:00:00,False,
472,"Africa CAMEU region, nes",472,"Africa CAMEU region, nes","Africa CAMEU region, not elsewhere specified",,_AC,1900-01-01T00:00:00,False,
248,Åland Islands ,248,Åland Islands ,,AX,ALA,1900-01-01T00:00:00,False,
8,Albania,8,Albania,Albania,AL,ALB,1900-01-01T00:00:00,False,
12,Algeria,12,Algeria,Algeria,DZ,DZA,1900-01-01T00:00:00,False,
16,American Samoa,16,American Samoa,American Samoa,AS,ASM,1900-01-01T00:00:00,False,
20,Andorra,20,Andorra,Andorra,AD,AND,1900-01-01T00:00:00,False,
24,Angola,24,Angola,Angola,AO,AGO,1900-01-01T00:00:00,False,
660,Anguilla,660,Anguilla,Anguilla,AI,AIA,1981-01-01T00:00:00,False,
10,Antarctica,10,Antarctica,Antarctica,AQ,ATA,1900-01-01T00:00:00,False,
28,Antigua and Barbuda,28,Antigua and Barbuda,Antigua and Barbuda,AG,ATG,1900-01-01T00:00:00,False,
886,Arab Rep. of Yemen (...1990),886,Arab Rep. of Yemen (...1990),Former Arab Republic of Yemen,YE,YEM,1900-01-01T00:00:00,False,1990-12-31T00:00:00
899,"Areas, nes",899,"Areas, nes","Areas, not elsewhere specified",,_X ,1900-01-01T00:00:00,False,
32,Argentina,32,Argentina,Argentina,AR,ARG,1900-01-01T00:00:00,False,
51,Armenia,51,Armenia,Armenia,AM,ARM,1992-01-01T00:00:00,False,
533,Aruba,533,Aruba,Aruba,AW,ABW,1988-01-01T00:00:00,False,
36,Australia,36,Australia,Australia,AU,AUS,1900-01-01T00:00:00,False,
40,Austria,40,Austria,Austria,AT,AUT,1900-01-01T00:00:00,False,
31,Azerbaijan,31,Azerbaijan,Azerbaijan,AZ,AZE,1992-01-01T00:00:00,False,
44,Bahamas,44,Bahamas,Bahamas,BS,BHS,1900-01-01T00:00:00,False,
48,Bahrain,48,Bahrain,Bahrain,BH,BHR,1900-01-01T00:00:00,False,
50,Bangladesh,50,Bangladesh,Bangladesh,BD,BGD,1972-01-01T00:00:00,False,
52,Barbados,52,Barbados,Barbados,BB,BRB,1900-01-01T00:00:00,False,
112,Belarus,112,Belarus,Belarus,BY,BLR,1992-01-01T00:00:00,False,
56,Belgium,56,Belgium,Belgium,BE,BEL,1999-01-01T00:00:00,False,
58,Belgium-Luxembourg (...1998),58,Belgium-Luxembourg (...1998),Belgium-Luxembourg,BE,BEL,1900-01-01T00:00:00,False,1998-12-31T00:00:00
84,Belize,84,Belize,Belize,BZ,BLZ,1900-01-01T00:00:00,False,
204,Benin,204,Benin,Benin,BJ,BEN,1900-01-01T00:00:00,False,
60,Bermuda,60,Bermuda,Bermuda,BM,BMU,1900-01-01T00:00:00,False,
64,Bhutan,64,Bhutan,Bhutan,BT,BTN,1900-01-01T00:00:00,False,
68,Bolivia (Plurinational State of),68,Bolivia (Plurinational State of),Plurinational State of Bolivia,BO,BOL,1900-01-01T00:00:00,False,
535,Bonaire,535,Bonaire,"Bonaire, Saint Eustatius and Saba",BQ,BES,2010-11-01T00:00:00,False,
70,Bosnia Herzegovina,70,Bosnia Herzegovina,Bosnia Herzegovina,BA,BIH,1992-01-01T00:00:00,False,
72,Botswana,72,Botswana,Botswana,BW,BWA,2000-01-01T00:00:00,False,
74,Bouvet Island,74,Bouvet Island,Ile Bouvet,BV,BVT,1900-01-01T00:00:00,False,
80,Br. Antarctic Terr.,80,Br. Antarctic Terr.,British Antarctic Territories,BQ,ATB,1900-01-01T00:00:00,False,
86,Br. Indian Ocean Terr.,86,Br. Indian Ocean Terr.,British Indian Ocean Territories,IO,IOT,1900-01-01T00:00:00,False,
92,Br. Virgin Isds,92,Br. Virgin Isds,British Virgin Islands,VG,VGB,1900-01-01T00:00:00,False,
76,Brazil,76,Brazil,Brazil,BR,BRA,1900-01-01T00:00:00,False,
96,Brunei Darussalam,96,Brunei Darussalam,Brunei Darussalam,BN,BRN,1900-01-01T00:00:00,False,
100,Bulgaria,100,Bulgaria,Bulgaria,BG,BGR,1900-01-01T00:00:00,False,
837,Bunkers,837,Bunkers,Bunkers,,X1 ,1900-01-01T00:00:00,False,
854,Burkina Faso,854,Burkina Faso,Burkina Faso,BF,BFA,1900-01-01T00:00:00,False,
108,Burundi,108,Burundi,Burundi,BI,BDI,1900-01-01T00:00:00,False,
132,Cabo Verde,132,Cabo Verde,Cabo Verde,CV,CPV,1900-01-01T00:00:00,False,
471,"CACM, nes",471,"CACM, nes","CACM, not elsewhere specified",,R91,1900-01-01T00:00:00,False,
116,Cambodia,116,Cambodia,Cambodia,KH,KHM,1900-01-01T00:00:00,False,
120,Cameroon,120,Cameroon,Cameroon,CM,CMR,1900-01-01T00:00:00,False,
124,Canada,124,Canada,Canada,CA,CAN,1900-01-01T00:00:00,False,
129,"Caribbean, nes",129,"Caribbean, nes","Caribbean, not elsewhere specified",,A49,1900-01-01T00:00:00,False,
136,Cayman Isds,136,Cayman Isds,Cayman Islands,KY,CYM,1900-01-01T00:00:00,False,
140,Central African Rep.,140,Central African Rep.,Central African Republic,CF,CAF,1900-01-01T00:00:00,False,
148,Chad,148,Chad,Chad,TD,TCD,1900-01-01T00:00:00,False,
830,Channel Islands ,830,Channel Islands ,,,_CI,1900-01-01T00:00:00,False,
152,Chile,152,Chile,Chile,CL,CHL,1900-01-01T00:00:00,False,
156,China,156,China,China,CN,CHN,1900-01-01T00:00:00,False,
344,"China, Hong Kong SAR",344,"China, Hong Kong SAR","China, Hong Kong Special Administrative Region",HK,HKG,1900-01-01T00:00:00,False,
446,"China, Macao SAR",446,"China, Macao SAR","China, Macao Special Administrative Region",MO,MAC,1900-01-01T00:00:00,False,
162,Christmas Isds,162,Christmas Isds,Christmas Islands,CX,CXR,1900-01-01T00:00:00,False,
166,Cocos Isds,166,Cocos Isds,Cocos Islands,CC,CCK,1900-01-01T00:00:00,False,
170,Colombia,170,Colombia,Colombia,CO,COL,1900-01-01T00:00:00,False,
174,Comoros,174,Comoros,Comoros,KM,COM,1900-01-01T00:00:00,False,
178,Congo,178,Congo,Congo,CG,COG,1900-01-01T00:00:00,False,
184,Cook Isds,184,Cook Isds,Cook Islands,CK,COK,1900-01-01T00:00:00,False,
188,Costa Rica,188,Costa Rica,Costa Rica,CR,CRI,1900-01-01T00:00:00,False,
384,Côte d'Ivoire,384,Côte d'Ivoire,Côte d'Ivoire,CI,CIV,1900-01-01T00:00:00,False,
191,Croatia,191,Croatia,Croatia,HR,HRV,1992-01-01T00:00:00,False,
192,Cuba,192,Cuba,Cuba,CU,CUB,1900-01-01T00:00:00,False,
531,Curaçao,531,Curaçao,Curaçao,CW,CUW,2010-11-01T00:00:00,False,
196,Cyprus,196,Cyprus,Cyprus,CY,CYP,1900-01-01T00:00:00,False,
203,Czechia,203,Czechia,Czechia,CZ,CZE,1993-01-01T00:00:00,False,
200,Czechoslovakia (...1992),200,Czechoslovakia (...1992),Czechoslovakia,CS,CSK,1900-01-01T00:00:00,False,1992-12-31T00:00:00
408,Dem. People's Rep. of Korea,408,Dem. People's Rep. of Korea,Democratic People's Republic of Korea,KP,PRK,1900-01-01T00:00:00,False,
278,Dem. Rep. of Germany (...1990),278,Dem. Rep. of Germany (...1990),Former Democratic Republic of Germany,DD,DDR,1900-01-01T00:00:00,False,1990-12-31T00:00:00
180,Dem. Rep. of the Congo,180,Dem. Rep. of the Congo,Democratic Republic of the Congo,CD,COD,1900-01-01T00:00:00,False,
866,Dem. Rep. of Vietnam (...1974),866,Dem. Rep. of Vietnam (...1974),Former Democratic Republic of Vietnam,VD,VDR,1900-01-01T00:00:00,False,1974-12-31T00:00:00
720,Dem. Yemen (...1990),720,Dem. Yemen (...1990),Former Democratic Yemen,YD,YMD,1900-01-01T00:00:00,False,1990-12-31T00:00:00
208,Denmark,208,Denmark,Denmark,DK,DNK,1900-01-01T00:00:00,False,
262,Djibouti,262,Djibouti,Djibouti,DJ,DJI,1900-01-01T00:00:00,False,
212,Dominica,212,Dominica,Dominica,DM,DMA,1900-01-01T00:00:00,False,
214,Dominican Rep.,214,Dominican Rep.,Dominican Republic,DO,DOM,1900-01-01T00:00:00,False,
588,East and West Pakistan (...1971),588,East and West Pakistan (...1971),East and West Pakistan,PK,PAK,1900-01-01T00:00:00,False,1971-12-31T00:00:00
221,"Eastern Europe, nes",221,"Eastern Europe, nes","Eastern Europe, not elsewhere specified",,E29,1900-01-01T00:00:00,False,
218,Ecuador,218,Ecuador,Ecuador,EC,ECU,1900-01-01T00:00:00,False,
818,Egypt,818,Egypt,Egypt,EG,EGY,1900-01-01T00:00:00,False,
222,El Salvador,222,El Salvador,El Salvador,SV,SLV,1900-01-01T00:00:00,False,
226,Equatorial Guinea,226,Equatorial Guinea,Equatorial Guinea,GQ,GNQ,1900-01-01T00:00:00,False,
232,Eritrea,232,Eritrea,Eritrea,ER,ERI,1993-01-01T00:00:00,False,
233,Estonia,233,Estonia,Estonia,EE,EST,1992-01-01T00:00:00,False,
748,Eswatini,748,Eswatini,the Kingdom of Eswatini,SZ,SWZ,2000-01-01T00:00:00,False,
231,Ethiopia,231,Ethiopia,Ethiopia,ET,ETH,1993-01-01T00:00:00,False,
230,Ethiopia (...1992),230,Ethiopia (...1992),Former Ethiopia,ET,ETH,1976-01-01T00:00:00,False,1992-12-31T00:00:00
697,"Europe EFTA, nes",697,"Europe EFTA, nes","Europe EFTA, not elsewhere specified",,R20,1900-01-01T00:00:00,False,
492,"Europe EU, nes",492,"Europe EU, nes","Europe EU, not elsewhere specified",MC,MCO,1900-01-01T00:00:00,False,
234,Faeroe Isds,234,Faeroe Isds,Faeroe Islands,FO,FRO,1900-01-01T00:00:00,False,
238,Falkland Isds (Malvinas),238,Falkland Isds (Malvinas),Falkland Islands (Malvinas),FK,FLK,1900-01-01T00:00:00,False,
280,Fed. Rep. of Germany (...1990),280,Fed. Rep. of Germany (...1990),Former Federal Republic of Germany,DE,DEU,1900-01-01T00:00:00,False,1990-12-31T00:00:00
242,Fiji,242,Fiji,Fiji,FJ,FJI,1900-01-01T00:00:00,False,
246,Finland,246,Finland,Finland,FI,FIN,1900-01-01T00:00:00,False,
260,Fr. South Antarctic Terr.,260,Fr. South Antarctic Terr.,French South Antarctic Territories,TF,ATF,1900-01-01T00:00:00,False,
251,France,251,France,"France, Monaco",FR,FRA,1900-01-01T00:00:00,False,
838,Free Zones,838,Free Zones,Free Zones,,X2 ,1900-01-01T00:00:00,False,
254,French Guiana (Overseas France),254,French Guiana (Overseas France),French Guiana (Overseas France),GF,GUF,1900-01-01T00:00:00,False,1996-12-31T23:59:00
258,French Polynesia,258,French Polynesia,French Polynesia,PF,PYF,1900-01-01T00:00:00,False,
583,FS Micronesia,583,FS Micronesia,Federated State of Micronesia,FM,FSM,1992-01-01T00:00:00,False,
266,Gabon,266,Gabon,Gabon,GA,GAB,1900-01-01T00:00:00,False,
270,Gambia,270,Gambia,Gambia,GM,GMB,1900-01-01T00:00:00,False,
268,Georgia,268,Georgia,Georgia,GE,GEO,1992-01-01T00:00:00,False,
276,Germany,276,Germany,Germany,DE,DEU,1991-01-01T00:00:00,False,
288,Ghana,288,Ghana,Ghana,GH,GHA,1900-01-01T00:00:00,False,
292,Gibraltar,292,Gibraltar,Gibraltar,GI,GIB,1900-01-01T00:00:00,False,
300,Greece,300,Greece,Greece,GR,GRC,1900-01-01T00:00:00,False,
304,Greenland,304,Greenland,Greenland,GL,GRL,1900-01-01T00:00:00,False,
308,Grenada,308,Grenada,Grenada,GD,GRD,1900-01-01T00:00:00,False,
312,Guadeloupe (Overseas France),312,Guadeloupe (Overseas France),Guadeloupe (Overseas France),GP,GLP,1900-01-01T00:00:00,False,1996-12-31T23:59:59
316,Guam,316,Guam,Guam,GU,GUM,1900-01-01T00:00:00,False,
320,Guatemala,320,Guatemala,Guatemala,GT,GTM,1900-01-01T00:00:00,False,
831,Guernsey,831,Guernsey,,GG,GGY,1900-01-01T00:00:00,False,
324,Guinea,324,Guinea,Guinea,GN,GIN,1900-01-01T00:00:00,False,
624,Guinea-Bissau,624,Guinea-Bissau,Guinea-Bissau,GW,GNB,1900-01-01T00:00:00,False,
328,Guyana,328,Guyana,Guyana,GY,GUY,1900-01-01T00:00:00,False,
332,Haiti,332,Haiti,Haiti,HT,HTI,1900-01-01T00:00:00,False,
334,Heard Island and McDonald Islands,334,Heard Island and McDonald Islands,Heard Island and McDonald Islands,HM,HMD,1900-01-01T00:00:00,False,
336,Holy See (Vatican City State),336,Holy See (Vatican City State),Holy See (Vatican City State),VA,VAT,1900-01-01T00:00:00,False,
340,Honduras,340,Honduras,Honduras,HN,HND,1900-01-01T00:00:00,False,
348,Hungary,348,Hungary,Hungary,HU,HUN,1900-01-01T00:00:00,False,
352,Iceland,352,Iceland,Iceland,IS,ISL,1900-01-01T00:00:00,False,
699,India,699,India,India,IN,IND,1975-01-01T00:00:00,False,
356,India (...1974),356,India (...1974),"India, excluding Sikkim",IN,IND,1900-01-01T00:00:00,False,1974-12-31T00:00:00
360,Indonesia,360,Indonesia,Indonesia,ID,IDN,1900-01-01T00:00:00,False,
364,Iran,364,Iran,Iran,IR,IRN,1900-01-01T00:00:00,False,
368,Iraq,368,Iraq,Iraq,IQ,IRQ,1900-01-01T00:00:00,False,
372,Ireland,372,Ireland,Ireland,IE,IRL,1900-01-01T00:00:00,False,
833,Isle of Man ,833,Isle of Man ,,IM,IMN,1900-01-01T00:00:00,False,
376,Israel,376,Israel,Israel,IL,ISR,1900-01-01T00:00:00,False,
380,Italy,380,Italy,,IT,ITA,1900-01-01T00:00:00,False,
388,Jamaica,388,Jamaica,Jamaica,JM,JAM,1900-01-01T00:00:00,False,
392,Japan,392,Japan,Japan,JP,JPN,1900-01-01T00:00:00,False,
832,Jersey,832,Jersey,,JE,JEY,1900-01-01T00:00:00,False,
400,Jordan,400,Jordan,Jordan,JO,JOR,1900-01-01T00:00:00,False,
398,Kazakhstan,398,Kazakhstan,Kazakhstan,KZ,KAZ,1992-01-01T00:00:00,False,
404,Kenya,404,Kenya,Kenya,KE,KEN,1900-01-01T00:00:00,False,
296,Kiribati,296,Kiribati,Kiribati,KI,KIR,1900-01-01T00:00:00,False,
412,Kosovo,412,Kosovo,,,_KS,1900-01-01T00:00:00,False,
414,Kuwait,414,Kuwait,Kuwait,KW,KWT,1900-01-01T00:00:00,False,
417,Kyrgyzstan,417,Kyrgyzstan,Kyrgyzstan,KG,KGZ,1992-01-01T00:00:00,False,
473,"LAIA, nes",473,"LAIA, nes","LAIA, not elsewhere specified",,A79,1900-01-01T00:00:00,False,
418,Lao People's Dem. Rep.,418,Lao People's Dem. Rep.,Lao People's Dem. Rep.,LA,LAO,1900-01-01T00:00:00,False,
428,Latvia,428,Latvia,Latvia,LV,LVA,1992-01-01T00:00:00,False,
422,Lebanon,422,Lebanon,Lebanon,LB,LBN,1900-01-01T00:00:00,False,
426,Lesotho,426,Lesotho,Lesotho,LS,LSO,2000-01-01T00:00:00,False,
430,Liberia,430,Liberia,Liberia,LR,LBR,1900-01-01T00:00:00,False,
434,Libya,434,Libya,Libya,LY,LBY,1900-01-01T00:00:00,False,
438,Liechtenstein ,438,Liechtenstein ,,LI,LIE,1900-01-01T00:00:00,False,
440,Lithuania,440,Lithuania,Lithuania,LT,LTU,1992-01-01T00:00:00,False,
442,Luxembourg,442,Luxembourg,Luxembourg,LU,LUX,1999-01-01T00:00:00,False,
450,Madagascar,450,Madagascar,Madagascar,MG,MDG,1900-01-01T00:00:00,False,
454,Malawi,454,Malawi,Malawi,MW,MWI,1965-01-01T00:00:00,False,
458,Malaysia,458,Malaysia,Malaysia,MY,MYS,1964-01-01T00:00:00,False,
462,Maldives,462,Maldives,Maldives,MV,MDV,1900-01-01T00:00:00,False,
466,Mali,466,Mali,Mali,ML,MLI,1900-01-01T00:00:00,False,
470,Malta,470,Malta,Malta,MT,MLT,1900-01-01T00:00:00,False,
584,Marshall Isds,584,Marshall Isds,Marshall Islands,MH,MHL,1992-01-01T00:00:00,False,
474,Martinique (Overseas France),474,Martinique (Overseas France),Martinique (Overseas France),MQ,MTQ,1900-01-01T00:00:00,False,
478,Mauritania,478,Mauritania,Mauritania,MR,MRT,1900-01-01T00:00:00,False,
480,Mauritius,480,Mauritius,Mauritius,MU,MUS,1900-01-01T00:00:00,False,
175,Mayotte (Overseas France),175,Mayotte (Overseas France),Mayotte (Overseas France),YT,MYT,1900-01-01T00:00:00,False,2013-12-31T00:00:00
250,Metropolitan France,250,Metropolitan France,Metropolitan France,FR,FRA,1900-01-01T00:00:00,False,
484,Mexico,484,Mexico,Mexico,MX,MEX,1900-01-01T00:00:00,False,
488,Midway Islands,488,Midway Islands,,,_MI,1900-01-01T00:00:00,False,
496,Mongolia,496,Mongolia,Mongolia,MN,MNG,1900-01-01T00:00:00,False,
499,Montenegro,499,Montenegro,Montenegro,ME,MNE,2006-01-01T00:00:00,False,
500,Montserrat,500,Montserrat,Montserrat,MS,MSR,1900-01-01T00:00:00,False,
504,Morocco,504,Morocco,Morocco,MA,MAR,1900-01-01T00:00:00,False,
508,Mozambique,508,Mozambique,Mozambique,MZ,MOZ,1900-01-01T00:00:00,False,
104,Myanmar,104,Myanmar,Myanmar,MM,MMR,1900-01-01T00:00:00,False,
580,N. Mariana Isds,580,N. Mariana Isds,Northern Mariana Islands,MP,MNP,1992-01-01T00:00:00,False,
516,Namibia,516,Namibia,Namibia,NA,NAM,2000-01-01T00:00:00,False,
520,Nauru,520,Nauru,Nauru,NR,NRU,1900-01-01T00:00:00,False,
524,Nepal,524,Nepal,Nepal,NP,NPL,1900-01-01T00:00:00,False,
528,Netherlands,528,Netherlands,Netherlands,NL,NLD,1900-01-01T00:00:00,False,
530,Netherlands Antilles (...2010),530,Netherlands Antilles (...2010),Netherlands Antilles,AN,ANT,1986-01-01T00:00:00,False,2010-10-31T00:00:00
532,Netherlands Antilles and Aruba (...1985),532,Netherlands Antilles and Aruba (...1985),Netherlands Antilles and Aruba,AN,ANT,1900-01-01T00:00:00,False,1985-12-31T00:00:00
536,Neutral Zone,536,Neutral Zone,Neutral Zone,NT,NTZ,1900-01-01T00:00:00,False,
540,New Caledonia,540,New Caledonia,New Caledonia,NC,NCL,1900-01-01T00:00:00,False,
554,New Zealand,554,New Zealand,New Zealand,NZ,NZL,1900-01-01T00:00:00,False,
558,Nicaragua,558,Nicaragua,Nicaragua,NI,NIC,1900-01-01T00:00:00,False,
562,Niger,562,Niger,Niger,NE,NER,1900-01-01T00:00:00,False,
566,Nigeria,566,Nigeria,Nigeria,NG,NGA,1900-01-01T00:00:00,False,
570,Niue,570,Niue,Niue,NU,NIU,1900-01-01T00:00:00,False,
574,Norfolk Isds,574,Norfolk Isds,Norfolk Islands,NF,NFK,1900-01-01T00:00:00,False,
637,"North America and Central America, nes",637,"North America and Central America, nes","North America, the Caribbean and Central America not elsewhere specified",,A59,1900-01-01T00:00:00,False,
807,North Macedonia,807,North Macedonia,North Macedonia,MK,MKD,1993-01-01T00:00:00,False,
290,"Northern Africa, nes",290,"Northern Africa, nes","Northern Africa, not elsewhere specified",,F49,1900-01-01T00:00:00,False,
579,Norway,579,Norway,"Norway, Svalbard and Jan Mayen",NO,NOR,1900-01-01T00:00:00,False,
578,"Norway, excluding Svalbard and Jan Mayen",578,"Norway, excluding Svalbard and Jan Mayen",,NO,NOR,1900-01-01T00:00:00,False,
527,"Oceania, nes",527,"Oceania, nes","Oceania, not elsewhere specified",,O19,1900-01-01T00:00:00,False,
512,Oman,512,Oman,Oman,OM,OMN,1900-01-01T00:00:00,False,
577,"Other Africa, nes",577,"Other Africa, nes","Other Africa, not elsewhere specified",,F19,1900-01-01T00:00:00,False,
490,"Other Asia, nes",490,"Other Asia, nes","Other Asia, not elsewhere specified",,S19,1900-01-01T00:00:00,False,
568,"Other Europe, nes",568,"Other Europe, nes","Other Europe, not elsewhere specified",,E19,1900-01-01T00:00:00,False,
582,Pacific Isds (...1991),582,Pacific Isds (...1991),Former Pacific Islands,PC,PCI,1964-01-01T00:00:00,False,1991-12-31T00:00:00
586,Pakistan,586,Pakistan,Pakistan,PK,PAK,1972-01-01T00:00:00,False,
585,Palau,585,Palau,Palau,PW,PLW,1992-01-01T00:00:00,False,
591,Panama,591,Panama,Panama,PA,PAN,1978-01-01T00:00:00,False,
590,"Panama, excl.Canal Zone (...1977)",590,"Panama, excl.Canal Zone (...1977)","Former Panama, excluding Canal Zone",PA,PAN,1900-01-01T00:00:00,False,1977-12-31T00:00:00
592,Panama-Canal-Zone (...1977),592,Panama-Canal-Zone (...1977),Former Panama-Canal-Zone,PZ,PCZ,1900-01-01T00:00:00,False,1977-12-31T00:00:00
598,Papua New Guinea,598,Papua New Guinea,Papua New Guinea,PG,PNG,1900-01-01T00:00:00,False,
600,Paraguay,600,Paraguay,Paraguay,PY,PRY,1900-01-01T00:00:00,False,
459,Peninsula Malaysia (...1963),459,Peninsula Malaysia (...1963),Peninsula Malaysia,,_PM,1900-01-01T00:00:00,False,1963-12-31T00:00:00
604,Peru,604,Peru,Peru,PE,PER,1900-01-01T00:00:00,False,
608,Philippines,608,Philippines,Philippines,PH,PHL,1900-01-01T00:00:00,False,
612,Pitcairn,612,Pitcairn,Pitcairn,PN,PCN,1900-01-01T00:00:00,False,
616,Poland,616,Poland,Poland,PL,POL,1900-01-01T00:00:00,False,
620,Portugal,620,Portugal,Portugal,PT,PRT,1900-01-01T00:00:00,False,
630,Puerto Rico ,630,Puerto Rico ,,PR,PRI,1900-01-01T00:00:00,False,
634,Qatar,634,Qatar,Qatar,QA,QAT,1900-01-01T00:00:00,False,
410,Rep. of Korea,410,Rep. of Korea,Republic of Korea,KR,KOR,1900-01-01T00:00:00,False,
498,Rep. of Moldova,498,Rep. of Moldova,Republic of Moldova,MD,MDA,1992-01-01T00:00:00,False,
868,Rep. of Vietnam (...1974),868,Rep. of Vietnam (...1974),Former Republic of Vietnam,VN,VNM,1900-01-01T00:00:00,False,1974-12-31T00:00:00
636,"Rest of America, nes",636,"Rest of America, nes","Rest of America, not elsewhere specified",,A79,1900-01-01T00:00:00,False,
638,Réunion (Overseas France),638,Réunion (Overseas France),Réunion (Overseas France),RE,REU,1900-01-01T00:00:00,False,1996-12-31T23:59:59
717,Rhodesia Nyas (...1964),717,Rhodesia Nyas (...1964),Former Rhodesia Nyas,,_RN,1900-01-01T00:00:00,False,1964-12-31T00:00:00
642,Romania,642,Romania,Romania,RO,ROU,1900-01-01T00:00:00,False,
643,Russian Federation,643,Russian Federation,Russian Federation,RU,RUS,1992-01-01T00:00:00,False,
646,Rwanda,646,Rwanda,Rwanda,RW,RWA,1900-01-01T00:00:00,False,
647,Ryukyu Isd,647,Ryukyu Isd,Ryukyu Island,,_RI,1900-01-01T00:00:00,False,1972-12-31T00:00:00
461,Sabah (...1963),461,Sabah (...1963),Sabah,,_SH,1900-01-01T00:00:00,False,1963-12-31T00:00:00
652,Saint Barthélemy,652,Saint Barthélemy,Saint Barthélemy,BL,BLM,2013-01-01T00:00:00,False,
654,Saint Helena,654,Saint Helena,Saint Helena,SH,SHN,1900-01-01T00:00:00,False,
659,Saint Kitts and Nevis,659,Saint Kitts and Nevis,Saint Kitts and Nevis,KN,KNA,1981-01-01T00:00:00,False,
658,"Saint Kitts, Nevis and Anguilla (...1980)",658,"Saint Kitts, Nevis and Anguilla (...1980)","Saint Kitts, Nevis and Anguilla",KN,KNA,1900-01-01T00:00:00,False,1980-12-31T00:00:00
662,Saint Lucia,662,Saint Lucia,Saint Lucia,LC,LCA,1900-01-01T00:00:00,False,
534,Saint Maarten,534,Saint Maarten,Saint Maarten (Dutch part),SX,SXM,2010-11-01T00:00:00,False,
663,Saint Martin (French part) ,663,Saint Martin (French part) ,,MF,MAF,1900-01-01T00:00:00,False,
666,Saint Pierre and Miquelon,666,Saint Pierre and Miquelon,Saint Pierre and Miquelon,PM,SPM,1900-01-01T00:00:00,False,
670,Saint Vincent and the Grenadines,670,Saint Vincent and the Grenadines,Saint Vincent and the Grenadines,VC,VCT,1900-01-01T00:00:00,False,
882,Samoa,882,Samoa,Samoa,WS,WSM,1900-01-01T00:00:00,False,
674,San Marino,674,San Marino,San Marino,SM,SMR,1900-01-01T00:00:00,False,
678,Sao Tome and Principe,678,Sao Tome and Principe,Sao Tome and Principe,ST,STP,1900-01-01T00:00:00,False,
457,Sarawak,457,Sarawak,Sarawak,,_SK,1900-01-01T00:00:00,False,1963-12-31T00:00:00
682,Saudi Arabia,682,Saudi Arabia,Saudi Arabia,SA,SAU,1900-01-01T00:00:00,False,
686,Senegal,686,Senegal,Senegal,SN,SEN,1900-01-01T00:00:00,False,
688,Serbia,688,Serbia,Serbia,RS,SRB,2006-06-01T00:00:00,False,
891,Serbia and Montenegro (...2005),891,Serbia and Montenegro (...2005),Serbia and Montenegro,CS,SCG,1992-01-01T00:00:00,False,2006-05-31T00:00:00
690,Seychelles,690,Seychelles,Seychelles,SC,SYC,1900-01-01T00:00:00,False,
694,Sierra Leone,694,Sierra Leone,Sierra Leone,SL,SLE,1900-01-01T00:00:00,False,
698,"Sikkim, Protectorate of India (...1974)",698,"Sikkim, Protectorate of India (...1974)","Sikkim, Protectorate of India (...1974)",,_SM,1900-01-01T00:00:00,False,1974-12-31T00:00:00
702,Singapore,702,Singapore,Singapore,SG,SGP,1900-01-01T00:00:00,False,
703,Slovakia,703,Slovakia,Slovakia,SK,SVK,1993-01-01T00:00:00,False,
705,Slovenia,705,Slovenia,Slovenia,SI,SVN,1992-01-01T00:00:00,False,
90,Solomon Isds,90,Solomon Isds,Solomon Islands,SB,SLB,1900-01-01T00:00:00,False,
706,Somalia,706,Somalia,Somalia,SO,SOM,1900-01-01T00:00:00,False,
710,South Africa,710,South Africa,South Africa,ZA,ZAF,2000-01-01T00:00:00,False,
239,South Georgia and the South Sandwich Islands,239,South Georgia and the South Sandwich Islands,South Georgia and the South Sandwich Islands,GS,SGS,1900-01-01T00:00:00,False,
728,South Sudan,728,South Sudan,South Sudan,SS,SSD,2011-07-01T00:00:00,False,
711,Southern African Customs Union (...1999),711,Southern African Customs Union (...1999),Southern African Customs Union,,ZA1,1900-01-01T00:00:00,False,1999-12-31T00:00:00
724,Spain,724,Spain,Spain,ES,ESP,1900-01-01T00:00:00,False,
839,Special Categories,839,Special Categories,Special Categories,,XX ,1900-01-01T00:00:00,False,
144,Sri Lanka,144,Sri Lanka,Sri Lanka,LK,LKA,1900-01-01T00:00:00,False,
275,State of Palestine,275,State of Palestine,State of Palestine,PS,PSE,2000-01-01T00:00:00,False,
729,Sudan,729,Sudan,Sudan,SD,SDN,2011-07-01T00:00:00,False,
736,Sudan (...2011),736,Sudan (...2011),Former Sudan,SD,SDN,1900-01-01T00:00:00,False,2011-06-30T00:00:00
740,Suriname,740,Suriname,Suriname,SR,SUR,1900-01-01T00:00:00,False,
744,Svalbard and Jan Mayen Islands ,744,Svalbard and Jan Mayen Islands ,,SJ,SJM,1900-01-01T00:00:00,False,
752,Sweden,752,Sweden,Sweden,SE,SWE,1900-01-01T00:00:00,False,
756,Switzerland ,756,Switzerland ,,CH,CHE,1900-01-01T00:00:00,False,
757,Switzerland,757,Switzerland,"Switzerland, Liechtenstein",CH,CHE,1900-01-01T00:00:00,False,
760,Syria,760,Syria,Syria,SY,SYR,1900-01-01T00:00:00,False,
158,"Taiwan, Province of China",158,"Taiwan, Province of China",,TW,TWN,1900-01-01T00:00:00,False,
762,Tajikistan,762,Tajikistan,Tajikistan,TJ,TJK,1992-01-01T00:00:00,False,
835,Tanganyika (...1964),835,Tanganyika (...1964),Former Tanganyika,,_TK,1900-01-01T00:00:00,False,1964-12-31T00:00:00
764,Thailand,764,Thailand,Thailand,TH,THA,1900-01-01T00:00:00,False,
626,Timor-Leste,626,Timor-Leste,Timor-Leste,TL,TLS,2002-05-20T00:00:00,False,
768,Togo,768,Togo,Togo,TG,TGO,1900-01-01T00:00:00,False,
772,Tokelau,772,Tokelau,Tokelau,TK,TKL,1900-01-01T00:00:00,False,
776,Tonga,776,Tonga,Tonga,TO,TON,1900-01-01T00:00:00,False,
780,Trinidad and Tobago,780,Trinidad and Tobago,Trinidad and Tobago,TT,TTO,1900-01-01T00:00:00,False,
788,Tunisia,788,Tunisia,Tunisia,TN,TUN,1900-01-01T00:00:00,False,
792,Türkiye,792,Türkiye,Türkiye,TR,TUR,1900-01-01T00:00:00,False,
795,Turkmenistan,795,Turkmenistan,Turkmenistan,TM,TKM,1992-01-01T00:00:00,False,
796,Turks and Caicos Isds,796,Turks and Caicos Isds,Turks and Caicos Islands,TC,TCA,1900-01-01T00:00:00,False,
798,Tuvalu,798,Tuvalu,Tuvalu,TV,TUV,1900-01-01T00:00:00,False,
800,Uganda,800,Uganda,Uganda,UG,UGA,1900-01-01T00:00:00,False,
804,Ukraine,804,Ukraine,Ukraine,UA,UKR,1992-01-01T00:00:00,False,
784,United Arab Emirates,784,United Arab Emirates,United Arab Emirates,AE,ARE,1900-01-01T00:00:00,False,
826,United Kingdom,826,United Kingdom,United Kingdom,GB,GBR,1900-01-01T00:00:00,False,
834,United Rep. of Tanzania,834,United Rep. of Tanzania,United Republic of Tanzania,TZ,TZA,1965-01-01T00:00:00,False,
581,United States Minor Outlying Islands,581,United States Minor Outlying Islands,United States Minor Outlying Islands,UM,UMI,1900-01-01T00:00:00,False,
840,United States of America,840,United States of America,,US,USA,1900-01-01T00:00:00,False,
858,Uruguay,858,Uruguay,Uruguay,UY,URY,1900-01-01T00:00:00,False,
849,US Misc. Pacific Isds,849,US Misc. Pacific Isds,US Miscellaneous Pacific Islands,PU,PUS,1900-01-01T00:00:00,False,
850,US Virgin Isds (...1980),850,US Virgin Isds (...1980),US Virgin Islands,VI,VIR,1900-01-01T00:00:00,False,1980-12-31T00:00:00
842,USA,842,USA,"USA, Puerto Rico and US Virgin Islands",US,USA,1981-01-01T00:00:00,False,
841,USA and Puerto Rico (...1980),841,USA and Puerto Rico (...1980),USA and Puerto Rico,US,USA,1900-01-01T00:00:00,False,1980-12-31T00:00:00
810,USSR (...1990),810,USSR (...1990),Former USSR,SU,SUN,1900-01-01T00:00:00,False,1990-12-31T00:00:00
860,Uzbekistan,860,Uzbekistan,Uzbekistan,UZ,UZB,1992-01-01T00:00:00,False,
548,Vanuatu,548,Vanuatu,Vanuatu,VU,VUT,1900-01-01T00:00:00,False,
862,Venezuela,862,Venezuela,Venezuela,VE,VEN,1900-01-01T00:00:00,False,
704,Viet Nam,704,Viet Nam,Viet Nam,VN,VNM,1975-01-01T00:00:00,False,
872,Wake Island,872,Wake Island,,,_WI,1900-01-01T00:00:00,False,
876,Wallis and Futuna Isds,876,Wallis and Futuna Isds,Wallis and Futuna Islands,WF,WLF,1900-01-01T00:00:00,False,
879,"Western Asia, nes",879,"Western Asia, nes","Western Asia, not elsewhere specified",,F97,1900-01-01T00:00:00,False,
732,Western Sahara,732,Western Sahara,Western Sahara,EH,ESH,1900-01-01T00:00:00,False,
0,World,0,World,World,,W00,1901-01-01T00:00:00,True,
887,Yemen,887,Yemen,Yemen,YE,YEM,1991-01-01T00:00:00,False,
890,Yugoslavia (...1991),890,Yugoslavia (...1991),Former Yugoslavia,YU,YUG,1900-01-01T00:00:00,False,1991-12-31T00:00:00
894,Zambia,894,Zambia,Zambia,ZM,ZMB,1965-01-01T00:00:00,False,
836,Zanzibar and Pemba Isd (...1964),836,Zanzibar and Pemba Isd (...1964),Former Zanzibar and Pemba Island,,_ZP,1900-01-01T00:00:00,False,1964-12-31T00:00:00
716,Zimbabwe,716,Zimbabwe,Zimbabwe,ZW,ZWE,1965-01-01T00:00:00,False,
